{
    "value0": {
        "cam.T_i_c": [
            {
                "px": 0.0,
                "py": 0.0,
                "pz": 0.0,
                "qx": 0.0,
                "qy": 0.0,
                "qz": 0.0,
                "qw": 1.0
            },
            {
                "px": 0.11002674958788142,
                "py": -0.00028913779866585087,
                "pz": 0.000246625049919901,
                "qx": 0.0071236589880659538,
                "qy": 0.0006289220700000381,
                "qz": 0.001077495211590831,
                "qw": 0.9999738481299002
            }
        ],
        "cam.intrinsics": [
            {
                "cam_type": "ds",
                "fx": 351.03728321686966,
                "fy": 350.0074555977382,
                "cx": 365.88809735482138,
                "cy": 249.34573836993608,
                "p1": -0.2385312817269929,
                "p2": 0.567869484529095,
                "p3": 0.0,
                "p4": 0.0,
                "width": 752,
                "height": 480
            },
            {
                "cam_type": "ds",
                "fx": 362.95328870306289,
                "fy": 361.85685537441079,
                "cx": 379.35501913798887,
                "cy": 256.03924167771847,
                "p1": -0.2106378372305548,
                "p2": 0.5776109411992818,
                "p3": 0.0,
                "p4": 0.0,
                "width": 752,
                "height": 480
            }
        ]
    }
}