{
    "value0": {
        "cam.T_i_c": [
            {
                "px": -0.017040351314693969,
                "py": -0.0670610386909157,
                "pz": 0.004901323127235131,
                "qx": -0.007182882221828479,
                "qy": 0.008136042649655761,
                "qz": 0.7018572877125304,
                "qw": 0.7122349041557854
            },
            {
                "px": -0.01534983486277212,
                "py": 0.04306088174472812,
                "pz": 0.002841926747075033,
                "qx": -0.0023070871671450924,
                "qy": 0.013616271133912598,
                "qz": 0.7025400397445819,
                "qw": 0.7115102016590432
            }
        ],
        "cam.intrinsics": [
            {
                "cam_type": "ds",
                "fx": 349.72587463985595,
                "fy": 348.69443307756446,
                "cx": 365.89395281002677,
                "cy": 249.3295770465122,
                "p1": -0.24102304774833975,
                "p2": 0.5669704051837806,
                "p3": 0.0,
                "p4": 0.0,
                "width": 752,
                "height": 480
            },
            {
                "cam_type": "ds",
                "fx": 361.67542628488777,
                "fy": 360.58958432849428,
                "cx": 379.4083363651475,
                "cy": 255.97719927476943,
                "p1": -0.21299930486593927,
                "p2": 0.5767036843560833,
                "p3": 0.0,
                "p4": 0.0,
                "width": 752,
                "height": 480
            }
        ],
        "imu.calib_accel_bias": [
            0.004355204069027923,
            0.14390480795817194,
            0.07162501554534215,
            0.0,
            0.0,
            0.0,
            0.0,
            0.0,
            0.0
        ],
        "imu.calib_gyro_bias": [
            -0.0021624541859310787,
            0.024347700623111598,
            0.07671205870428864,
            0.0,
            0.0,
            0.0,
            0.0,
            0.0,
            0.0,
            0.0,
            0.0,
            0.0
        ],
        "imu.imu_update_rate": 200,
        "imu.accel_noise_std": [
            0.016,
            0.016,
            0.016
        ],
        "imu.gyro_noise_std": [
            0.000282,
            0.000282,
            0.000282
        ],
        "imu.accel_bias_std": [
            0.001,
            0.001,
            0.001
        ],
        "imu.gyro_bias_std": [
            0.0001,
            0.0001,
            0.0001
        ],
        "imu.cam_time_offset_ns": 0
    }
}